"","ds","trend","additive_terms","additive_terms_lower","additive_terms_upper","black_friday","black_friday_lower","black_friday_upper","christmas","christmas_lower","christmas_upper","cyber_monday","cyber_monday_lower","cyber_monday_upper","holidays","holidays_lower","holidays_upper","thanksgiving","thanksgiving_lower","thanksgiving_upper","yearly","yearly_lower","yearly_upper","multiplicative_terms","multiplicative_terms_lower","multiplicative_terms_upper","yhat_lower","yhat_upper","trend_lower","trend_upper","yhat"
"1",2010-02-05,-0.198941296562136,0.135388977970031,0.135388977970031,0.135388977970031,0,0,0,0,0,0,0,0,0,0,0,0,0,0,0,0.135388977970031,0.135388977970031,0.135388977970031,0,0,0,-0.775482709334773,0.598189368498279,-0.198941296562136,-0.198941296562136,-0.0635523185921056
"2",2010-02-12,-0.198177345308925,0.316634907022174,0.316634907022174,0.316634907022174,0,0,0,0,0,0,0,0,0,0,0,0,0,0,0,0.316634907022174,0.316634907022174,0.316634907022174,0,0,0,-0.574825765326508,0.844160601261464,-0.198177345308925,-0.198177345308925,0.118457561713249
"3",2010-02-19,-0.197413394055714,0.270661807440317,0.270661807440317,0.270661807440317,0,0,0,0,0,0,0,0,0,0,0,0,0,0,0,0.270661807440317,0.270661807440317,0.270661807440317,0,0,0,-0.577089317301032,0.751772768035709,-0.197413394055714,-0.197413394055714,0.0732484133846029
"4",2010-02-26,-0.196649442802503,0.108565784182364,0.108565784182364,0.108565784182364,0,0,0,0,0,0,0,0,0,0,0,0,0,0,0,0.108565784182364,0.108565784182364,0.108565784182364,0,0,0,-0.785267455252376,0.54911539658461,-0.196649442802503,-0.196649442802503,-0.0880836586201389
"5",2010-03-05,-0.195885491549292,-0.0931145199842334,-0.0931145199842334,-0.0931145199842334,0,0,0,0,0,0,0,0,0,0,0,0,0,0,0,-0.0931145199842334,-0.0931145199842334,-0.0931145199842334,0,0,0,-0.951481694982947,0.379006856560641,-0.195885491549292,-0.195885491549292,-0.289000011533525
"6",2010-03-12,-0.19512154029608,-0.254253665833561,-0.254253665833561,-0.254253665833561,0,0,0,0,0,0,0,0,0,0,0,0,0,0,0,-0.254253665833561,-0.254253665833561,-0.254253665833561,0,0,0,-1.13793063847428,0.240948339477399,-0.19512154029608,-0.19512154029608,-0.449375206129641
"7",2010-03-19,-0.194357588559059,-0.282760900765307,-0.282760900765307,-0.282760900765307,0,0,0,0,0,0,0,0,0,0,0,0,0,0,0,-0.282760900765307,-0.282760900765307,-0.282760900765307,0,0,0,-1.17472714307232,0.190674199548127,-0.194357588559059,-0.194357588559059,-0.477118489324365
"8",2010-03-26,-0.193593636822037,-0.153914077553693,-0.153914077553693,-0.153914077553693,0,0,0,0,0,0,0,0,0,0,0,0,0,0,0,-0.153914077553693,-0.153914077553693,-0.153914077553693,0,0,0,-1.00690722220776,0.380842601811535,-0.193593636822037,-0.193593636822037,-0.34750771437573
"9",2010-04-02,-0.192829685085015,0.0297944954258714,0.0297944954258714,0.0297944954258714,0,0,0,0,0,0,0,0,0,0,0,0,0,0,0,0.0297944954258714,0.0297944954258714,0.0297944954258714,0,0,0,-0.878419181969654,0.524894106452052,-0.192829685085015,-0.192829685085015,-0.163035189659144
"10",2010-04-09,-0.192065733347994,0.109748152932124,0.109748152932124,0.109748152932124,0,0,0,0,0,0,0,0,0,0,0,0,0,0,0,0.109748152932124,0.109748152932124,0.109748152932124,0,0,0,-0.781291450940264,0.621886059587454,-0.192065733347994,-0.192065733347994,-0.0823175804158692
"11",2010-04-16,-0.191301779622249,0.0202527391895647,0.0202527391895647,0.0202527391895647,0,0,0,0,0,0,0,0,0,0,0,0,0,0,0,0.0202527391895647,0.0202527391895647,0.0202527391895647,0,0,0,-0.84653447409613,0.507047163671764,-0.191301779622249,-0.191301779622249,-0.171049040432684
"12",2010-04-23,-0.190537825896504,-0.14832824157705,-0.14832824157705,-0.14832824157705,0,0,0,0,0,0,0,0,0,0,0,0,0,0,0,-0.14832824157705,-0.14832824157705,-0.14832824157705,0,0,0,-1.00399955105512,0.38993656732764,-0.190537825896504,-0.190537825896504,-0.338866067473554
"13",2010-04-30,-0.189773872170759,-0.244030080312438,-0.244030080312438,-0.244030080312438,0,0,0,0,0,0,0,0,0,0,0,0,0,0,0,-0.244030080312438,-0.244030080312438,-0.244030080312438,0,0,0,-1.05061717384985,0.270734505802341,-0.189773872170759,-0.189773872170759,-0.433803952483197
"14",2010-05-07,-0.189009918445014,-0.197146446065172,-0.197146446065172,-0.197146446065172,0,0,0,0,0,0,0,0,0,0,0,0,0,0,0,-0.197146446065172,-0.197146446065172,-0.197146446065172,0,0,0,-1.09102947078044,0.26408493695731,-0.189009918445014,-0.189009918445014,-0.386156364510186
"15",2010-05-14,-0.18824596471927,-0.0603155476239111,-0.0603155476239111,-0.0603155476239111,0,0,0,0,0,0,0,0,0,0,0,0,0,0,0,-0.0603155476239111,-0.0603155476239111,-0.0603155476239111,0,0,0,-0.943265460237264,0.437291385772403,-0.18824596471927,-0.18824596471927,-0.248561512343181
"16",2010-05-21,-0.187482010913295,0.0745050675260997,0.0745050675260997,0.0745050675260997,0,0,0,0,0,0,0,0,0,0,0,0,0,0,0,0.0745050675260997,0.0745050675260997,0.0745050675260997,0,0,0,-0.77147030680366,0.562847930529261,-0.187482010913295,-0.187482010913295,-0.112976943387195
"17",2010-05-28,-0.186718057107319,0.165815053161859,0.165815053161859,0.165815053161859,0,0,0,0,0,0,0,0,0,0,0,0,0,0,0,0.165815053161859,0.165815053161859,0.165815053161859,0,0,0,-0.686484839450242,0.650501886216499,-0.186718057107319,-0.186718057107319,-0.0209030039454601
"18",2010-06-04,-0.185954103301344,0.224669854834504,0.224669854834504,0.224669854834504,0,0,0,0,0,0,0,0,0,0,0,0,0,0,0,0.224669854834504,0.224669854834504,0.224669854834504,0,0,0,-0.651027953626761,0.742742991183693,-0.185954103301344,-0.185954103301344,0.0387157515331596
"19",2010-06-11,-0.185190149495369,0.260722820094999,0.260722820094999,0.260722820094999,0,0,0,0,0,0,0,0,0,0,0,0,0,0,0,0.260722820094999,0.260722820094999,0.260722820094999,0,0,0,-0.594227210684005,0.770376262743838,-0.185190149495369,-0.185190149495369,0.0755326705996294
"20",2010-06-18,-0.184426195766602,0.260368741432851,0.260368741432851,0.260368741432851,0,0,0,0,0,0,0,0,0,0,0,0,0,0,0,0.260368741432851,0.260368741432851,0.260368741432851,0,0,0,-0.578275425085937,0.754453704947497,-0.184426195766602,-0.184426195766602,0.0759425456662492
"21",2010-06-25,-0.183662242037834,0.21509185112784,0.21509185112784,0.21509185112784,0,0,0,0,0,0,0,0,0,0,0,0,0,0,0,0.21509185112784,0.21509185112784,0.21509185112784,0,0,0,-0.637073897439309,0.725729270899375,-0.183662242037834,-0.183662242037834,0.0314296090900059
"22",2010-07-02,-0.182898288309066,0.140279641625022,0.140279641625022,0.140279641625022,0,0,0,0,0,0,0,0,0,0,0,0,0,0,0,0.140279641625022,0.140279641625022,0.140279641625022,0,0,0,-0.762917897416375,0.665582978636825,-0.182898288309066,-0.182898288309066,-0.0426186466840437
"23",2010-07-09,-0.182134334580298,0.0517552064052787,0.0517552064052787,0.0517552064052787,0,0,0,0,0,0,0,0,0,0,0,0,0,0,0,0.0517552064052787,0.0517552064052787,0.0517552064052787,0,0,0,-0.761254407788973,0.52370069729855,-0.182134334580298,-0.182134334580298,-0.13037912817502
"24",2010-07-16,-0.181370380851531,-0.0532521153624641,-0.0532521153624641,-0.0532521153624641,0,0,0,0,0,0,0,0,0,0,0,0,0,0,0,-0.0532521153624641,-0.0532521153624641,-0.0532521153624641,0,0,0,-0.92248559170605,0.417419765170886,-0.181370380851531,-0.181370380851531,-0.234622496213995
"25",2010-07-23,-0.180606426799436,-0.164323208744498,-0.164323208744498,-0.164323208744498,0,0,0,0,0,0,0,0,0,0,0,0,0,0,0,-0.164323208744498,-0.164323208744498,-0.164323208744498,0,0,0,-1.00923939894998,0.342772656159747,-0.180606426799436,-0.180606426799436,-0.344929635543933
"26",2010-07-30,-0.179842472747341,-0.218738554075906,-0.218738554075906,-0.218738554075906,0,0,0,0,0,0,0,0,0,0,0,0,0,0,0,-0.218738554075906,-0.218738554075906,-0.218738554075906,0,0,0,-1.04394409725613,0.300412161983597,-0.179842472747341,-0.179842472747341,-0.398581026823247
"27",2010-08-06,-0.179078518695245,-0.139562047489976,-0.139562047489976,-0.139562047489976,0,0,0,0,0,0,0,0,0,0,0,0,0,0,0,-0.139562047489976,-0.139562047489976,-0.139562047489976,0,0,0,-1.0190555154045,0.373157789535772,-0.179078518695245,-0.179078518695245,-0.318640566185221
"28",2010-08-13,-0.17831456464315,0.0591517015341247,0.0591517015341247,0.0591517015341247,0,0,0,0,0,0,0,0,0,0,0,0,0,0,0,0.0591517015341247,0.0591517015341247,0.0591517015341247,0,0,0,-0.799418078927681,0.600669525351719,-0.17831456464315,-0.17831456464315,-0.119162863109026
"29",2010-08-20,-0.177550610664612,0.228706931958059,0.228706931958059,0.228706931958059,0,0,0,0,0,0,0,0,0,0,0,0,0,0,0,0.228706931958059,0.228706931958059,0.228706931958059,0,0,0,-0.588896959499146,0.711563661640316,-0.177550610664612,-0.177550610664612,0.0511563212934466
"30",2010-08-27,-0.176786656686075,0.196209050610355,0.196209050610355,0.196209050610355,0,0,0,0,0,0,0,0,0,0,0,0,0,0,0,0.196209050610355,0.196209050610355,0.196209050610355,0,0,0,-0.703724060075189,0.719617725289233,-0.176786656686075,-0.176786656686075,0.01942239392428
"31",2010-09-03,-0.176022702707537,-0.0608651413884289,-0.0608651413884289,-0.0608651413884289,0,0,0,0,0,0,0,0,0,0,0,0,0,0,0,-0.0608651413884289,-0.0608651413884289,-0.0608651413884289,0,0,0,-0.893050136583691,0.395147848333391,-0.176022702707537,-0.176022702707537,-0.236887844095966
"32",2010-09-10,-0.175258748728999,-0.373206148355751,-0.373206148355751,-0.373206148355751,0,0,0,0,0,0,0,0,0,0,0,0,0,0,0,-0.373206148355751,-0.373206148355751,-0.373206148355751,0,0,0,-1.26578865650802,0.171850434472698,-0.175258748728999,-0.175258748728999,-0.54846489708475
"33",2010-09-17,-0.174494794750461,-0.539081867140214,-0.539081867140214,-0.539081867140214,0,0,0,0,0,0,0,0,0,0,0,0,0,0,0,-0.539081867140214,-0.539081867140214,-0.539081867140214,0,0,0,-1.39989285845944,-0.0140458872408729,-0.174494794750461,-0.174494794750461,-0.713576661890675
"34",2010-09-24,-0.173727988840686,-0.517199956858459,-0.517199956858459,-0.517199956858459,0,0,0,0,0,0,0,0,0,0,0,0,0,0,0,-0.517199956858459,-0.517199956858459,-0.517199956858459,0,0,0,-1.38742215578547,-0.0308698004755206,-0.173727988840686,-0.173727988840686,-0.690927945699145
"35",2010-10-01,-0.172961182930911,-0.434325152427043,-0.434325152427043,-0.434325152427043,0,0,0,0,0,0,0,0,0,0,0,0,0,0,0,-0.434325152427043,-0.434325152427043,-0.434325152427043,0,0,0,-1.35237071426698,0.0886286914856578,-0.172961182930911,-0.172961182930911,-0.607286335357954
"36",2010-10-08,-0.172194377021136,-0.405495543010252,-0.405495543010252,-0.405495543010252,0,0,0,0,0,0,0,0,0,0,0,0,0,0,0,-0.405495543010252,-0.405495543010252,-0.405495543010252,0,0,0,-1.27332822120209,0.0966792486640972,-0.172194377021136,-0.172194377021136,-0.577689920031389
"37",2010-10-15,-0.171427571111362,-0.394570895510678,-0.394570895510678,-0.394570895510678,0,0,0,0,0,0,0,0,0,0,0,0,0,0,0,-0.394570895510678,-0.394570895510678,-0.394570895510678,0,0,0,-1.24781026356108,0.0861492444083095,-0.171427571111362,-0.171427571111362,-0.565998466622039
"38",2010-10-22,-0.170604017718103,-0.292493318797677,-0.292493318797677,-0.292493318797677,0,0,0,0,0,0,0,0,0,0,0,0,0,0,0,-0.292493318797677,-0.292493318797677,-0.292493318797677,0,0,0,-1.15090905992863,0.195937935197624,-0.170604017718103,-0.170604017718103,-0.46309733651578
"39",2010-10-29,-0.169780464324844,-0.106404186068285,-0.106404186068285,-0.106404186068285,0,0,0,0,0,0,0,0,0,0,0,0,0,0,0,-0.106404186068285,-0.106404186068285,-0.106404186068285,0,0,0,-0.995459916710593,0.375892188646524,-0.169780464324844,-0.169780464324844,-0.276184650393129
"40",2010-11-05,-0.168956910931586,0.009538772672347,0.009538772672347,0.009538772672347,0,0,0,0,0,0,0,0,0,0,0,0,0,0,0,0.009538772672347,0.009538772672347,0.009538772672347,0,0,0,-0.838129038246713,0.537766008919001,-0.168956910931586,-0.168956910931586,-0.159418138259239
"41",2010-11-12,-0.168133357538327,-0.0374147617699254,-0.0374147617699254,-0.0374147617699254,0,0,0,0,0,0,0,0,0,0,0,0,0,0,0,-0.0374147617699254,-0.0374147617699254,-0.0374147617699254,0,0,0,-0.899031515926434,0.543676947322033,-0.168133357538327,-0.168133357538327,-0.205548119308253
"42",2010-11-19,-0.167309804145069,-0.0790617946566164,-0.0790617946566164,-0.0790617946566164,0,0,0,0,0,0,0,0,0,0,0,0,0,0,0,-0.0790617946566164,-0.0790617946566164,-0.0790617946566164,0,0,0,-0.918523965396965,0.404414986081078,-0.167309804145069,-0.167309804145069,-0.246371598801685
"43",2010-11-26,-0.166482661223055,3.47343476372999,3.47343476372999,3.47343476372999,1.63347673285036,1.63347673285036,1.63347673285036,0,0,0,0,0,0,3.26695346570071,3.26695346570071,3.26695346570071,1.63347673285036,1.63347673285036,1.63347673285036,0.206481298029274,0.206481298029274,0.206481298029274,0,0,0,2.61921256945239,3.99049427854841,-0.166482661223055,-0.166482661223055,3.30695210250693
"44",2010-12-03,-0.165655518301042,0.92217648704008,0.92217648704008,0.92217648704008,0,0,0,0,0,0,0,0,0,0,0,0,0,0,0,0.92217648704008,0.92217648704008,0.92217648704008,0,0,0,0.0792796615839464,1.40495911905834,-0.165655518301042,-0.165655518301042,0.756520968739038
"45",2010-12-10,-0.164828375379029,1.70964638696089,1.70964638696089,1.70964638696089,0,0,0,0,0,0,0,0,0,0,0,0,0,0,0,1.70964638696089,1.70964638696089,1.70964638696089,0,0,0,0.831348399766893,2.21778873972948,-0.164828375379029,-0.164828375379029,1.54481801158186
"46",2010-12-17,-0.164001232457016,1.96121761298786,1.96121761298786,1.96121761298786,0,0,0,0,0,0,0,0,0,0,0,0,0,0,0,1.96121761298786,1.96121761298786,1.96121761298786,0,0,0,1.07654176675536,2.49832749842922,-0.164001232457016,-0.164001232457016,1.79721638053084
"47",2010-12-24,-0.163043125495381,6.34826717941872,6.34826717941872,6.34826717941872,0,0,0,5.00374499922568,5.00374499922568,5.00374499922568,0,0,0,5.00374499922568,5.00374499922568,5.00374499922568,0,0,0,1.34452218019304,1.34452218019304,1.34452218019304,0,0,0,5.50289393360451,6.85199613757538,-0.163043125495381,-0.163043125495381,6.18522405392334
"48",2010-12-31,-0.162085018533746,0.138569330323971,0.138569330323971,0.138569330323971,0,0,0,0,0,0,0,0,0,0,0,0,0,0,0,0.138569330323971,0.138569330323971,0.138569330323971,0,0,0,-0.676924864950505,0.721308403369924,-0.162085018533746,-0.162085018533746,-0.0235156882097756
"49",2011-01-07,-0.161126911572112,-0.960669464310763,-0.960669464310763,-0.960669464310763,0,0,0,0,0,0,0,0,0,0,0,0,0,0,0,-0.960669464310763,-0.960669464310763,-0.960669464310763,0,0,0,-1.76524446490731,-0.418964877510491,-0.161126911572112,-0.161126911572112,-1.12179637588287
"50",2011-01-14,-0.160168804610477,-1.38606138667759,-1.38606138667759,-1.38606138667759,0,0,0,0,0,0,0,0,0,0,0,0,0,0,0,-1.38606138667759,-1.38606138667759,-1.38606138667759,0,0,0,-2.20434171039528,-0.885616961449003,-0.160168804610477,-0.160168804610477,-1.54623019128807
"51",2011-01-21,-0.159210697648842,-1.08860046128376,-1.08860046128376,-1.08860046128376,0,0,0,0,0,0,0,0,0,0,0,0,0,0,0,-1.08860046128376,-1.08860046128376,-1.08860046128376,0,0,0,-1.89629921618688,-0.551943192795545,-0.159210697648842,-0.159210697648842,-1.2478111589326
"52",2011-01-28,-0.158226854052838,-0.456991169559082,-0.456991169559082,-0.456991169559082,0,0,0,0,0,0,0,0,0,0,0,0,0,0,0,-0.456991169559082,-0.456991169559082,-0.456991169559082,0,0,0,-1.33739978336644,0.0874271530885802,-0.158226854052838,-0.158226854052838,-0.61521802361192
"53",2011-02-04,-0.157243010456833,0.0712125502803696,0.0712125502803696,0.0712125502803696,0,0,0,0,0,0,0,0,0,0,0,0,0,0,0,0.0712125502803696,0.0712125502803696,0.0712125502803696,0,0,0,-0.775152886064944,0.626855936898484,-0.157243010456833,-0.157243010456833,-0.0860304601764639
"54",2011-02-11,-0.156259166860829,0.304433377926899,0.304433377926899,0.304433377926899,0,0,0,0,0,0,0,0,0,0,0,0,0,0,0,0.304433377926899,0.304433377926899,0.304433377926899,0,0,0,-0.506350384562551,0.850469575865114,-0.156259166860829,-0.156259166860829,0.14817421106607
"55",2011-02-18,-0.155275323264824,0.290119299528051,0.290119299528051,0.290119299528051,0,0,0,0,0,0,0,0,0,0,0,0,0,0,0,0.290119299528051,0.290119299528051,0.290119299528051,0,0,0,-0.542309495954384,0.845812245214461,-0.155275323264824,-0.155275323264824,0.134843976263226
"56",2011-02-25,-0.15322382252311,0.142343413640462,0.142343413640462,0.142343413640462,0,0,0,0,0,0,0,0,0,0,0,0,0,0,0,0.142343413640462,0.142343413640462,0.142343413640462,0,0,0,-0.672686985209035,0.672038861399866,-0.15322382252311,-0.15322382252311,-0.010880408882648
"57",2011-03-04,-0.151172321781395,-0.0573782512763227,-0.0573782512763227,-0.0573782512763227,0,0,0,0,0,0,0,0,0,0,0,0,0,0,0,-0.0573782512763227,-0.0573782512763227,-0.0573782512763227,0,0,0,-0.850283454897796,0.498206691725824,-0.151172321781395,-0.151172321781395,-0.208550573057718
"58",2011-03-11,-0.149120821039681,-0.232837015436131,-0.232837015436131,-0.232837015436131,0,0,0,0,0,0,0,0,0,0,0,0,0,0,0,-0.232837015436131,-0.232837015436131,-0.232837015436131,0,0,0,-1.10108551658311,0.256233331326668,-0.149120821039681,-0.149120821039681,-0.381957836475812
"59",2011-03-18,-0.147069320297966,-0.290113765397069,-0.290113765397069,-0.290113765397069,0,0,0,0,0,0,0,0,0,0,0,0,0,0,0,-0.290113765397069,-0.290113765397069,-0.290113765397069,0,0,0,-1.11163220419843,0.221476568691831,-0.147069320297966,-0.147069320297966,-0.437183085695035
"60",2011-03-25,-0.145017819556251,-0.185429781584466,-0.185429781584466,-0.185429781584466,0,0,0,0,0,0,0,0,0,0,0,0,0,0,0,-0.185429781584466,-0.185429781584466,-0.185429781584466,0,0,0,-0.998756609100892,0.38731673233909,-0.145017819556251,-0.145017819556251,-0.330447601140718
"61",2011-04-01,-0.142964095010397,0.000424177255677511,0.000424177255677511,0.000424177255677511,0,0,0,0,0,0,0,0,0,0,0,0,0,0,0,0.000424177255677511,0.000424177255677511,0.000424177255677511,0,0,0,-0.858170324810943,0.562842633331134,-0.142964095010397,-0.142964095010397,-0.14253991775472
"62",2011-04-08,-0.140910370464543,0.108141626690294,0.108141626690294,0.108141626690294,0,0,0,0,0,0,0,0,0,0,0,0,0,0,0,0.108141626690294,0.108141626690294,0.108141626690294,0,0,0,-0.690286152636052,0.688466662447431,-0.140910370464543,-0.140910370464543,-0.0327687437742489
"63",2011-04-15,-0.138856645918689,0.0463371235634761,0.0463371235634761,0.0463371235634761,0,0,0,0,0,0,0,0,0,0,0,0,0,0,0,0.0463371235634761,0.0463371235634761,0.0463371235634761,0,0,0,-0.761165403484412,0.620438181987307,-0.138856645918689,-0.138856645918689,-0.0925195223552132
"64",2011-04-22,-0.136802921372835,-0.119583722624754,-0.119583722624754,-0.119583722624754,0,0,0,0,0,0,0,0,0,0,0,0,0,0,0,-0.119583722624754,-0.119583722624754,-0.119583722624754,0,0,0,-0.910219927410961,0.450316499930538,-0.136802921372835,-0.136802921372835,-0.256386643997589
"65",2011-04-29,-0.134091451468178,-0.237182641961466,-0.237182641961466,-0.237182641961466,0,0,0,0,0,0,0,0,0,0,0,0,0,0,0,-0.237182641961466,-0.237182641961466,-0.237182641961466,0,0,0,-1.03943251079444,0.358954904995414,-0.134091451468178,-0.134091451468178,-0.371274093429644
"66",2011-05-06,-0.131379981563521,-0.214820439601426,-0.214820439601426,-0.214820439601426,0,0,0,0,0,0,0,0,0,0,0,0,0,0,0,-0.214820439601426,-0.214820439601426,-0.214820439601426,0,0,0,-1.01515241788622,0.327057239117597,-0.131379981563521,-0.131379981563521,-0.346200421164946
"67",2011-05-13,-0.128668511658864,-0.0869145193317157,-0.0869145193317157,-0.0869145193317157,0,0,0,0,0,0,0,0,0,0,0,0,0,0,0,-0.0869145193317157,-0.0869145193317157,-0.0869145193317157,0,0,0,-0.89579358232222,0.495005964272443,-0.128668511658864,-0.128668511658864,-0.215583030990579
"68",2011-05-20,-0.125957041754206,0.0533647396643398,0.0533647396643398,0.0533647396643398,0,0,0,0,0,0,0,0,0,0,0,0,0,0,0,0.0533647396643398,0.0533647396643398,0.0533647396643398,0,0,0,-0.825511588085623,0.521201277235707,-0.125957041754206,-0.125957041754206,-0.0725923020898666
"69",2011-05-27,-0.123245571849549,0.152505528110816,0.152505528110816,0.152505528110816,0,0,0,0,0,0,0,0,0,0,0,0,0,0,0,0.152505528110816,0.152505528110816,0.152505528110816,0,0,0,-0.612550933185093,0.722669559234442,-0.123245571849549,-0.123245571849549,0.0292599562612673
"70",2011-06-03,-0.120534099896603,0.215751573771808,0.215751573771808,0.215751573771808,0,0,0,0,0,0,0,0,0,0,0,0,0,0,0,0.215751573771808,0.215751573771808,0.215751573771808,0,0,0,-0.634181384993226,0.764930244122922,-0.120534099896603,-0.120534099896603,0.0952174738752048
"71",2011-06-10,-0.117822627943656,0.25640310896032,0.25640310896032,0.25640310896032,0,0,0,0,0,0,0,0,0,0,0,0,0,0,0,0.25640310896032,0.25640310896032,0.25640310896032,0,0,0,-0.557217835556816,0.810052376525892,-0.117822627943656,-0.117822627943656,0.138580481016664
"72",2011-06-17,-0.11511115599071,0.263812130593728,0.263812130593728,0.263812130593728,0,0,0,0,0,0,0,0,0,0,0,0,0,0,0,0.263812130593728,0.263812130593728,0.263812130593728,0,0,0,-0.496754353070741,0.805797731984299,-0.11511115599071,-0.11511115599071,0.148700974603018
"73",2011-06-24,-0.112399684037764,0.226006708638572,0.226006708638572,0.226006708638572,0,0,0,0,0,0,0,0,0,0,0,0,0,0,0,0.226006708638572,0.226006708638572,0.226006708638572,0,0,0,-0.587344558866659,0.760517282247485,-0.112399684037764,-0.112399684037764,0.113607024600808
"74",2011-07-01,-0.109687398383319,0.154844306374855,0.154844306374855,0.154844306374855,0,0,0,0,0,0,0,0,0,0,0,0,0,0,0,0.154844306374855,0.154844306374855,0.154844306374855,0,0,0,-0.590563089767563,0.683577358251794,-0.109687398383319,-0.109687398383319,0.0451569079915362
"75",2011-07-08,-0.106975112728874,0.0685514398574875,0.0685514398574875,0.0685514398574875,0,0,0,0,0,0,0,0,0,0,0,0,0,0,0,0.0685514398574875,0.0685514398574875,0.0685514398574875,0,0,0,-0.738061691684051,0.579929977203131,-0.106975112728874,-0.106975112728874,-0.0384236728713866
"76",2011-07-15,-0.104262827074429,-0.0331684934592516,-0.0331684934592516,-0.0331684934592516,0,0,0,0,0,0,0,0,0,0,0,0,0,0,0,-0.0331684934592516,-0.0331684934592516,-0.0331684934592516,0,0,0,-0.779243982911923,0.554800641496745,-0.104262827074429,-0.104262827074429,-0.137431320533681
"77",2011-07-22,-0.101550541419985,-0.146149963357026,-0.146149963357026,-0.146149963357026,0,0,0,0,0,0,0,0,0,0,0,0,0,0,0,-0.146149963357026,-0.146149963357026,-0.146149963357026,0,0,0,-0.936814923391976,0.435243507935329,-0.101550541419985,-0.101550541419985,-0.24770050477701
"78",2011-07-29,-0.0988382557655398,-0.217166066263501,-0.217166066263501,-0.217166066263501,0,0,0,0,0,0,0,0,0,0,0,0,0,0,0,-0.217166066263501,-0.217166066263501,-0.217166066263501,0,0,0,-1.00580532089663,0.331183941858037,-0.0988382557655398,-0.0988382557655398,-0.31600432202904
"79",2011-08-05,-0.0961259143166871,-0.164778850253249,-0.164778850253249,-0.164778850253249,0,0,0,0,0,0,0,0,0,0,0,0,0,0,0,-0.164778850253249,-0.164778850253249,-0.164778850253249,0,0,0,-0.941171641438029,0.467887021376962,-0.0961259143166871,-0.0961259143166871,-0.260904764569936
"80",2011-08-12,-0.0934135728678344,0.020171727881637,0.020171727881637,0.020171727881637,0,0,0,0,0,0,0,0,0,0,0,0,0,0,0,0.020171727881637,0.020171727881637,0.020171727881637,0,0,0,-0.709324068162926,0.65290870805917,-0.0934135728678344,-0.0934135728678344,-0.0732418449861974
"81",2011-08-19,-0.0907012314189816,0.20936695552751,0.20936695552751,0.20936695552751,0,0,0,0,0,0,0,0,0,0,0,0,0,0,0,0.20936695552751,0.20936695552751,0.20936695552751,0,0,0,-0.546421126048734,0.7972224847257,-0.0907012314189816,-0.0907012314189816,0.118665724108528
"82",2011-08-26,-0.087988889970129,0.220718360455245,0.220718360455245,0.220718360455245,0,0,0,0,0,0,0,0,0,0,0,0,0,0,0,0.220718360455245,0.220718360455245,0.220718360455245,0,0,0,-0.519307123713143,0.827345727747314,-0.087988889970129,-0.087988889970129,0.132729470485116
"83",2011-09-02,-0.0852765484451387,-0.00428263196034651,-0.00428263196034651,-0.00428263196034651,0,0,0,0,0,0,0,0,0,0,0,0,0,0,0,-0.00428263196034651,-0.00428263196034651,-0.00428263196034651,0,0,0,-0.752131898207904,0.587183452686315,-0.0852765484451387,-0.0852765484451387,-0.0895591804054852
"84",2011-09-09,-0.0825642069201485,-0.323663740527518,-0.323663740527518,-0.323663740527518,0,0,0,0,0,0,0,0,0,0,0,0,0,0,0,-0.323663740527518,-0.323663740527518,-0.323663740527518,0,0,0,-1.10394079567627,0.265270126038646,-0.0825642069201485,-0.0825642069201485,-0.406227947447666
"85",2011-09-16,-0.0798518653951582,-0.52488511173397,-0.52488511173397,-0.52488511173397,0,0,0,0,0,0,0,0,0,0,0,0,0,0,0,-0.52488511173397,-0.52488511173397,-0.52488511173397,0,0,0,-1.30423559382523,0.0853103703964206,-0.0798518653951582,-0.0798518653951582,-0.604736977129128
"86",2011-09-23,-0.077139523870168,-0.530345297964846,-0.530345297964846,-0.530345297964846,0,0,0,0,0,0,0,0,0,0,0,0,0,0,0,-0.530345297964846,-0.530345297964846,-0.530345297964846,0,0,0,-1.31399991326082,0.0897423415325996,-0.077139523870168,-0.077139523870168,-0.607484821835014
"87",2011-09-30,-0.0744271823451777,-0.446780272045707,-0.446780272045707,-0.446780272045707,0,0,0,0,0,0,0,0,0,0,0,0,0,0,0,-0.446780272045707,-0.446780272045707,-0.446780272045707,0,0,0,-1.19593158341238,0.151072013232153,-0.0744271823451777,-0.0744271823451777,-0.521207454390884
"88",2011-10-07,-0.0717148406056593,-0.406275734044252,-0.406275734044252,-0.406275734044252,0,0,0,0,0,0,0,0,0,0,0,0,0,0,0,-0.406275734044252,-0.406275734044252,-0.406275734044252,0,0,0,-1.16074249243485,0.219798537294499,-0.0717148406056593,-0.0717148406056593,-0.477990574649912
"89",2011-10-14,-0.0690024988661409,-0.400618875890873,-0.400618875890873,-0.400618875890873,0,0,0,0,0,0,0,0,0,0,0,0,0,0,0,-0.400618875890873,-0.400618875890873,-0.400618875890873,0,0,0,-1.15771079775433,0.198754008440941,-0.0690024988661409,-0.0690024988661409,-0.469621374757014
"90",2011-10-21,-0.0662901571266225,-0.319597135562365,-0.319597135562365,-0.319597135562365,0,0,0,0,0,0,0,0,0,0,0,0,0,0,0,-0.319597135562365,-0.319597135562365,-0.319597135562365,0,0,0,-1.09971505242092,0.28228885592872,-0.0662901571266225,-0.0662901571266225,-0.385887292688988
"91",2011-10-28,-0.0635778153871041,-0.139748706400377,-0.139748706400377,-0.139748706400377,0,0,0,0,0,0,0,0,0,0,0,0,0,0,0,-0.139748706400377,-0.139748706400377,-0.139748706400377,0,0,0,-0.922001873202241,0.498339743256403,-0.0635778153871041,-0.0635778153871041,-0.203326521787482
"92",2011-11-04,-0.0608654738464645,0.000970425097547391,0.000970425097547391,0.000970425097547391,0,0,0,0,0,0,0,0,0,0,0,0,0,0,0,0.000970425097547391,0.000970425097547391,0.000970425097547391,0,0,0,-0.747240410212633,0.592865258538753,-0.0608654738464645,-0.0608654738464645,-0.0598950487489171
"93",2011-11-11,-0.058153132305825,-0.0209038846680016,-0.0209038846680016,-0.0209038846680016,0,0,0,0,0,0,0,0,0,0,0,0,0,0,0,-0.0209038846680016,-0.0209038846680016,-0.0209038846680016,0,0,0,-0.779791897432456,0.550756682668238,-0.058153132305825,-0.058153132305825,-0.0790570169738266
"94",2011-11-18,-0.0554407907651854,-0.0868472593511443,-0.0868472593511443,-0.0868472593511443,0,0,0,0,0,0,0,0,0,0,0,0,0,0,0,-0.0868472593511443,-0.0868472593511443,-0.0868472593511443,0,0,0,-0.823479744474334,0.526433693425183,-0.0554407907651854,-0.0554407907651854,-0.14228805011633
"95",2011-11-25,-0.0527284492245458,3.3881572668871,3.3881572668871,3.3881572668871,1.63347673285036,1.63347673285036,1.63347673285036,0,0,0,0,0,0,3.26695346570071,3.26695346570071,3.26695346570071,1.63347673285036,1.63347673285036,1.63347673285036,0.121203801186387,0.121203801186387,0.121203801186387,0,0,0,2.6473588294676,4.05585385467494,-0.0527284492245458,-0.0527284492245458,3.33542881766255
"96",2011-12-02,-0.0500161076839062,0.772968538894947,0.772968538894947,0.772968538894947,0,0,0,0,0,0,0,0,0,0,0,0,0,0,0,0.772968538894947,0.772968538894947,0.772968538894947,0,0,0,0.0035556098874724,1.43051537185479,-0.0500161076839062,-0.0500161076839062,0.722952431211041
"97",2011-12-09,-0.0473037663862471,1.59126227386158,1.59126227386158,1.59126227386158,0,0,0,0,0,0,0,0,0,0,0,0,0,0,0,1.59126227386158,1.59126227386158,1.59126227386158,0,0,0,0.851205950488425,2.19380033205761,-0.0473037663862471,-0.0473037663862471,1.54395850747533
"98",2011-12-16,-0.0445914250885879,1.97777711011484,1.97777711011484,1.97777711011484,0,0,0,0,0,0,0,0,0,0,0,0,0,0,0,1.97777711011484,1.97777711011484,1.97777711011484,0,0,0,1.22420849000871,2.654909388713,-0.0445914250885879,-0.0445914250885879,1.93318568502625
"99",2011-12-23,-0.0418790837909287,5.59469387444885,5.59469387444885,5.59469387444885,0,0,0,4.08072580071122,4.08072580071122,4.08072580071122,0,0,0,4.08072580071122,4.08072580071122,4.08072580071122,0,0,0,1.51396807373764,1.51396807373764,1.51396807373764,0,0,0,4.90713534318126,6.26162212803305,-0.0418790837909287,-0.0418790837909287,5.55281479065792
"100",2011-12-30,-0.0391667424932695,0.367805091755278,0.367805091755278,0.367805091755278,0,0,0,0,0,0,0,0,0,0,0,0,0,0,0,0.367805091755278,0.367805091755278,0.367805091755278,0,0,0,-0.382400085022838,1.02584630091206,-0.0391667424932695,-0.0391667424932695,0.328638349262009
"101",2012-01-06,-0.0364544008897288,-0.803179991114532,-0.803179991114532,-0.803179991114532,0,0,0,0,0,0,0,0,0,0,0,0,0,0,0,-0.803179991114532,-0.803179991114532,-0.803179991114532,0,0,0,-1.52066497632811,-0.19100211185651,-0.0364544008897288,-0.0364544008897288,-0.839634392004261
"102",2012-01-13,-0.0337420592861881,-1.36919460638545,-1.36919460638545,-1.36919460638545,0,0,0,0,0,0,0,0,0,0,0,0,0,0,0,-1.36919460638545,-1.36919460638545,-1.36919460638545,0,0,0,-2.14372891558782,-0.703877810959659,-0.0337420592861881,-0.0337420592861881,-1.40293666567164
"103",2012-01-20,-0.0310297176826474,-1.18051940038671,-1.18051940038671,-1.18051940038671,0,0,0,0,0,0,0,0,0,0,0,0,0,0,0,-1.18051940038671,-1.18051940038671,-1.18051940038671,0,0,0,-1.91124904894775,-0.552961844976702,-0.0310297176826474,-0.0310297176826474,-1.21154911806936
"104",2012-01-27,-0.0283173760791067,-0.572480015256243,-0.572480015256243,-0.572480015256243,0,0,0,0,0,0,0,0,0,0,0,0,0,0,0,-0.572480015256243,-0.572480015256243,-0.572480015256243,0,0,0,-1.26648858269078,0.0903576493992243,-0.0283173760791067,-0.0283173760791067,-0.60079739133535
"105",2012-02-03,-0.025605034475566,-0.00304739268288234,-0.00304739268288234,-0.00304739268288234,0,0,0,0,0,0,0,0,0,0,0,0,0,0,0,-0.00304739268288234,-0.00304739268288234,-0.00304739268288234,0,0,0,-0.703829472099911,0.6351008116072,-0.025605034475566,-0.025605034475566,-0.0286524271584484
"106",2012-02-10,-0.0228926928524171,0.28420592161455,0.28420592161455,0.28420592161455,0,0,0,0,0,0,0,0,0,0,0,0,0,0,0,0.28420592161455,0.28420592161455,0.28420592161455,0,0,0,-0.369436719061955,0.941303133728289,-0.0228926928524171,-0.0228926928524171,0.261313228762133
"107",2012-02-17,-0.0201803512292683,0.305460606659273,0.305460606659273,0.305460606659273,0,0,0,0,0,0,0,0,0,0,0,0,0,0,0,0.305460606659273,0.305460606659273,0.305460606659273,0,0,0,-0.396547493578837,0.956296107692711,-0.0201803512292683,-0.0201803512292683,0.285280255430004
"108",2012-02-24,-0.0174680096061194,0.174472995404077,0.174472995404077,0.174472995404077,0,0,0,0,0,0,0,0,0,0,0,0,0,0,0,0.174472995404077,0.174472995404077,0.174472995404077,0,0,0,-0.551250193454993,0.861726233027371,-0.0174680096061194,-0.0174680096061194,0.157004985797957
"109",2012-03-02,-0.0147556679829705,-0.0209574129213309,-0.0209574129213309,-0.0209574129213309,0,0,0,0,0,0,0,0,0,0,0,0,0,0,0,-0.0209574129213309,-0.0209574129213309,-0.0209574129213309,0,0,0,-0.683487087837487,0.605317429606366,-0.0147556679829705,-0.0147556679829705,-0.0357130809043013
"110",2012-03-09,-0.0120433269108447,-0.20752813268731,-0.20752813268731,-0.20752813268731,0,0,0,0,0,0,0,0,0,0,0,0,0,0,0,-0.20752813268731,-0.20752813268731,-0.20752813268731,0,0,0,-0.887957262256735,0.443730655260844,-0.0120433269108447,-0.0120433269108447,-0.219571459598155
"111",2012-03-16,-0.00933098583871893,-0.291929967824087,-0.291929967824087,-0.291929967824087,0,0,0,0,0,0,0,0,0,0,0,0,0,0,0,-0.291929967824087,-0.291929967824087,-0.291929967824087,0,0,0,-1.00088141099371,0.393212332430691,-0.00933098583871893,-0.00933098583871893,-0.301260953662806
"112",2012-03-23,-0.00661864476659316,-0.214111115309984,-0.214111115309984,-0.214111115309984,0,0,0,0,0,0,0,0,0,0,0,0,0,0,0,-0.214111115309984,-0.214111115309984,-0.214111115309984,0,0,0,-0.89213493246565,0.418737131731782,-0.00661864476659316,-0.00661864476659316,-0.220729760076577
"113",2012-03-30,-0.00390630369446743,-0.0316360936225336,-0.0316360936225336,-0.0316360936225336,0,0,0,0,0,0,0,0,0,0,0,0,0,0,0,-0.0316360936225336,-0.0316360936225336,-0.0316360936225336,0,0,0,-0.732076712314545,0.635257190738131,-0.00390630369446743,-0.00390630369446743,-0.035542397317001
"114",2012-04-06,-0.00119396262234157,0.100659279914475,0.100659279914475,0.100659279914475,0,0,0,0,0,0,0,0,0,0,0,0,0,0,0,0.100659279914475,0.100659279914475,0.100659279914475,0,0,0,-0.625432101286818,0.763249963776977,-0.00119396262234157,-0.00119396262234157,0.0994653172921332
"115",2012-04-13,0.00151837878302922,0.0688455375948014,0.0688455375948014,0.0688455375948014,0,0,0,0,0,0,0,0,0,0,0,0,0,0,0,0.0688455375948014,0.0688455375948014,0.0688455375948014,0,0,0,-0.584460724151268,0.780341067178209,0.00151837878302922,0.00151837878302922,0.0703639163778306
"116",2012-04-20,0.0042307201884,-0.0891058177705693,-0.0891058177705693,-0.0891058177705693,0,0,0,0,0,0,0,0,0,0,0,0,0,0,0,-0.0891058177705693,-0.0891058177705693,-0.0891058177705693,0,0,0,-0.771085928028462,0.610538113188487,0.0042307201884,0.0042307201884,-0.0848750975821693
"117",2012-04-27,0.00694306159377079,-0.225492169774952,-0.225492169774952,-0.225492169774952,0,0,0,0,0,0,0,0,0,0,0,0,0,0,0,-0.225492169774952,-0.225492169774952,-0.225492169774952,0,0,0,-0.900965774770749,0.485468366853507,0.00694306159377079,0.00694306159377079,-0.218549108181181
"118",2012-05-04,0.00965540299914162,-0.228966905844721,-0.228966905844721,-0.228966905844721,0,0,0,0,0,0,0,0,0,0,0,0,0,0,0,-0.228966905844721,-0.228966905844721,-0.228966905844721,0,0,0,-0.921551093702212,0.466889415603204,0.00965540299914162,0.00965540299914162,-0.21931150284558
"119",2012-05-11,0.0123677444045124,-0.113256718279879,-0.113256718279879,-0.113256718279879,0,0,0,0,0,0,0,0,0,0,0,0,0,0,0,-0.113256718279879,-0.113256718279879,-0.113256718279879,0,0,0,-0.875118638732894,0.606321060435924,0.0123677444045124,0.0123677444045124,-0.100888973875367
"120",2012-05-18,0.0150800858098832,0.0307322562170904,0.0307322562170904,0.0307322562170904,0,0,0,0,0,0,0,0,0,0,0,0,0,0,0,0.0307322562170904,0.0307322562170904,0.0307322562170904,0,0,0,-0.668328261855791,0.73503572862139,0.0150800858098832,0.0150800858098832,0.0458123420269736
"121",2012-05-25,0.017792427215254,0.138041221068584,0.138041221068584,0.138041221068584,0,0,0,0,0,0,0,0,0,0,0,0,0,0,0,0.138041221068584,0.138041221068584,0.138041221068584,0,0,0,-0.570878757380777,0.856985624068005,0.017792427215254,0.017792427215254,0.155833648283838
"122",2012-06-01,0.0205047686206248,0.206199533469485,0.206199533469485,0.206199533469485,0,0,0,0,0,0,0,0,0,0,0,0,0,0,0,0.206199533469485,0.206199533469485,0.206199533469485,0,0,0,-0.394671328483712,0.917432985582568,0.0205047686206248,0.0205047686206248,0.226704302090109
"123",2012-06-08,0.0232171100259956,0.251026941390074,0.251026941390074,0.251026941390074,0,0,0,0,0,0,0,0,0,0,0,0,0,0,0,0.251026941390074,0.251026941390074,0.251026941390074,0,0,0,-0.43654564135735,0.972533547764272,0.0232171100259956,0.0232171100259956,0.27424405141607
"124",2012-06-15,0.0259294514313664,0.265731737711122,0.265731737711122,0.265731737711122,0,0,0,0,0,0,0,0,0,0,0,0,0,0,0,0.265731737711122,0.265731737711122,0.265731737711122,0,0,0,-0.372294041355699,1.05236929723239,0.0259294514313664,0.0259294514313664,0.291661189142488
"125",2012-06-22,0.0286417928367372,0.235837284788976,0.235837284788976,0.235837284788976,0,0,0,0,0,0,0,0,0,0,0,0,0,0,0,0.235837284788976,0.235837284788976,0.235837284788976,0,0,0,-0.383322090182804,0.992998277888339,0.0286417928367372,0.0286417928367372,0.264479077625713
"126",2012-06-29,0.031354134242108,0.168996503854253,0.168996503854253,0.168996503854253,0,0,0,0,0,0,0,0,0,0,0,0,0,0,0,0.168996503854253,0.168996503854253,0.168996503854253,0,0,0,-0.490308016383924,0.797203358722299,0.031354134242108,0.031354134242108,0.200350638096361
"127",2012-07-06,0.0340664756474788,0.0848564868966149,0.0848564868966149,0.0848564868966149,0,0,0,0,0,0,0,0,0,0,0,0,0,0,0,0.0848564868966149,0.0848564868966149,0.0848564868966149,0,0,0,-0.579608400934422,0.80904752335392,0.0340664756474788,0.0340664756474788,0.118922962544094
"128",2012-07-13,0.0367788170528496,-0.0135973684547191,-0.0135973684547191,-0.0135973684547191,0,0,0,0,0,0,0,0,0,0,0,0,0,0,0,-0.0135973684547191,-0.0135973684547191,-0.0135973684547191,0,0,0,-0.657535515825601,0.751283421067217,0.0367788170528496,0.0367788170528496,0.0231814485981305
"129",2012-07-20,0.0394911584582204,-0.126747699554017,-0.126747699554017,-0.126747699554017,0,0,0,0,0,0,0,0,0,0,0,0,0,0,0,-0.126747699554017,-0.126747699554017,-0.126747699554017,0,0,0,-0.767207768944987,0.603024539060502,0.0394911584582204,0.0394911584582204,-0.087256541095797
"130",2012-07-27,0.0422034998635912,-0.211461097612856,-0.211461097612856,-0.211461097612856,0,0,0,0,0,0,0,0,0,0,0,0,0,0,0,-0.211461097612856,-0.211461097612856,-0.211461097612856,0,0,0,-0.876670355775928,0.509905105811295,0.0422034998635912,0.0422034998635912,-0.169257597749265
"131",2012-08-03,0.044915841268962,-0.185352476057887,-0.185352476057887,-0.185352476057887,0,0,0,0,0,0,0,0,0,0,0,0,0,0,0,-0.185352476057887,-0.185352476057887,-0.185352476057887,0,0,0,-0.815753504947576,0.596570684444443,0.044915841268962,0.044915841268962,-0.140436634788925
"132",2012-08-10,0.0476281826743328,-0.0184925559998118,-0.0184925559998118,-0.0184925559998118,0,0,0,0,0,0,0,0,0,0,0,0,0,0,0,-0.0184925559998118,-0.0184925559998118,-0.0184925559998118,0,0,0,-0.591887146533942,0.706533751443701,0.0476281826743328,0.0476281826743328,0.029135626674521
"133",2012-08-17,0.0503405240797036,0.183998187097205,0.183998187097205,0.183998187097205,0,0,0,0,0,0,0,0,0,0,0,0,0,0,0,0.183998187097205,0.183998187097205,0.183998187097205,0,0,0,-0.449285092283848,0.870532627500371,0.0503405240797036,0.0503405240797036,0.234338711176909
"134",2012-08-24,0.0530528654850744,0.237088211447364,0.237088211447364,0.237088211447364,0,0,0,0,0,0,0,0,0,0,0,0,0,0,0,0.237088211447364,0.237088211447364,0.237088211447364,0,0,0,-0.435606918271188,0.934999916148264,0.0530528654850744,0.0530528654850744,0.290141076932439
"135",2012-08-31,0.0557652068904452,0.0490756709649397,0.0490756709649397,0.0490756709649397,0,0,0,0,0,0,0,0,0,0,0,0,0,0,0,0.0490756709649397,0.0490756709649397,0.0490756709649397,0,0,0,-0.567821569674545,0.77260513967141,0.0557652068904452,0.0557652068904452,0.104840877855385
"136",2012-09-07,0.058477548295816,-0.269940910467754,-0.269940910467754,-0.269940910467754,0,0,0,0,0,0,0,0,0,0,0,0,0,0,0,-0.269940910467754,-0.269940910467754,-0.269940910467754,0,0,0,-0.877094796223692,0.421769249495032,0.058477548295816,0.058477548295816,-0.211463362171938
"137",2012-09-14,0.0611898897011868,-0.503882911872195,-0.503882911872195,-0.503882911872195,0,0,0,0,0,0,0,0,0,0,0,0,0,0,0,-0.503882911872195,-0.503882911872195,-0.503882911872195,0,0,0,-1.13148874307478,0.246877041789626,0.0611898897011868,0.0611898897011868,-0.442693022171008
"138",2012-09-21,0.0639022311065576,-0.540583417993623,-0.540583417993623,-0.540583417993623,0,0,0,0,0,0,0,0,0,0,0,0,0,0,0,-0.540583417993623,-0.540583417993623,-0.540583417993623,0,0,0,-1.14096299451169,0.249635663512413,0.0639022311065576,0.0639022311065576,-0.476681186887065
"139",2012-09-28,0.0666145725119284,-0.461057312207496,-0.461057312207496,-0.461057312207496,0,0,0,0,0,0,0,0,0,0,0,0,0,0,0,-0.461057312207496,-0.461057312207496,-0.461057312207496,0,0,0,-1.07184914235829,0.229702144658082,0.0666145725119284,0.0666145725119284,-0.394442739695567
"140",2012-10-05,0.0693269139172992,-0.408495933709511,-0.408495933709511,-0.408495933709511,0,0,0,0,0,0,0,0,0,0,0,0,0,0,0,-0.408495933709511,-0.408495933709511,-0.408495933709511,0,0,0,-1.04468649553804,0.316399915498863,0.0693269139172992,0.0693269139172992,-0.339169019792211
"141",2012-10-12,0.07203925532267,-0.403993106403103,-0.403993106403103,-0.403993106403103,0,0,0,0,0,0,0,0,0,0,0,0,0,0,0,-0.403993106403103,-0.403993106403103,-0.403993106403103,0,0,0,-1.01832673180048,0.304843223540636,0.07203925532267,0.07203925532267,-0.331953851080433
"142",2012-10-19,0.0747515967280408,-0.343025480995435,-0.343025480995435,-0.343025480995435,0,0,0,0,0,0,0,0,0,0,0,0,0,0,0,-0.343025480995435,-0.343025480995435,-0.343025480995435,0,0,0,-0.95574005488888,0.406170597204373,0.0747515967280408,0.0747515967280408,-0.268273884267394
"143",2012-10-26,0.0774639381334116,-0.174351445710272,-0.174351445710272,-0.174351445710272,0,0,0,0,0,0,0,0,0,0,0,0,0,0,0,-0.174351445710272,-0.174351445710272,-0.174351445710272,0,0,0,-0.730758066715661,0.56564734150071,0.0774639381334116,0.0774639381334116,-0.0968875075768602
"144",2012-11-02,0.0801762795387824,-0.0135163599286488,-0.0135163599286488,-0.0135163599286488,0,0,0,0,0,0,0,0,0,0,0,0,0,0,0,-0.0135163599286488,-0.0135163599286488,-0.0135163599286488,0,0,0,-0.614087827371845,0.804235582151806,0.0801252982353731,0.0802180329707604,0.0666599196101336
"145",2012-11-09,0.0828886209441532,-0.00644275455868542,-0.00644275455868542,-0.00644275455868542,0,0,0,0,0,0,0,0,0,0,0,0,0,0,0,-0.00644275455868542,-0.00644275455868542,-0.00644275455868542,0,0,0,-0.657563160808929,0.811116568747,0.0827150051841293,0.0830306509561421,0.0764458663854678
"146",2012-11-16,0.085600962349524,-0.0854993829953462,-0.0854993829953462,-0.0854993829953462,0,0,0,0,0,0,0,0,0,0,0,0,0,0,0,-0.0854993829953462,-0.0854993829953462,-0.0854993829953462,0,0,0,-0.632967089584594,0.7065281813995,0.0852837463391041,0.0858910451565123,0.000101579354177775
"147",2012-11-23,0.0883133037548948,3.31835152778377,3.31835152778377,3.31835152778377,1.63347673285036,1.63347673285036,1.63347673285036,0,0,0,0,0,0,3.26695346570071,3.26695346570071,3.26695346570071,1.63347673285036,1.63347673285036,1.63347673285036,0.0513980620830527,0.0513980620830527,0.0513980620830527,0,0,0,2.78876045820842,4.08845716893653,0.0878575143735095,0.0887577060171863,3.40666483153866
"148",2012-11-30,0.0910256451602656,0.630053376476436,0.630053376476436,0.630053376476436,0,0,0,0,0,0,0,0,0,0,0,0,0,0,0,0.630053376476436,0.630053376476436,0.630053376476436,0,0,0,0.0605151260756354,1.42449957786013,0.0903769047287197,0.0916878027537323,0.721079021636701
"149",2012-12-07,0.0937379865656364,1.45861141124854,1.45861141124854,1.45861141124854,0,0,0,0,0,0,0,0,0,0,0,0,0,0,0,1.45861141124854,1.45861141124854,1.45861141124854,0,0,0,0.907951076638876,2.24597031071636,0.0929188819504853,0.0946144229885866,1.55234939781417
"150",2012-12-14,0.0964503279710071,1.9655081016358,1.9655081016358,1.9655081016358,0,0,0,0,0,0,0,0,0,0,0,0,0,0,0,1.9655081016358,1.9655081016358,1.9655081016358,0,0,0,1.40211402603901,2.74792123498985,0.0954520151414059,0.0975198063444327,2.06195842960681
"151",2012-12-21,0.099162669376378,1.66022579434964,1.66022579434964,1.66022579434964,0,0,0,0,0,0,0,0,0,0,0,0,0,0,0,1.66022579434964,1.66022579434964,1.66022579434964,0,0,0,1.04071544874731,2.4360338249874,0.0979493519723983,0.100437394142102,1.75938846372602
